"Volcano.Number","Volcano.Name","Country","Volcanic.Region.Group","Volcanic.Region","Volcano.Landform","Primary.Volcano.Type","Activity.Evidence","Last.Known.Eruption.1","Latitude","Longitude","Elevation..m.","Dominant.Rock.Type","Tectonic.Setting","Location","Type","Status","Last.Known.Eruption","Dist_to_Darwin"
265050,"Teon","Indonesia","Sunda-Banda Volcanic Regions","Inner Banda Volcanic Arc","Composite","Stratovolcano","Eruption Observed","1904 CE",-6.976,129.144,728,"Andesite / Basaltic Andesite","Subduction zone / Oceanic crust (< 15 km)","Banda Sea","Stratovolcano","Historical","D2",638.012098346505
265040,"Wurlali","Indonesia","Sunda-Banda Volcanic Regions","Inner Banda Volcanic Arc","Composite","Stratovolcano","Eruption Observed","1892 CE",-7.125,128.675,868,"Andesite / Basaltic Andesite","Subduction zone / Oceanic crust (< 15 km)","Banda Sea","Stratovolcano","Historical","D3",639.443905739621
265060,"Nila","Indonesia","Sunda-Banda Volcanic Regions","Inner Banda Volcanic Arc","Composite","Stratovolcano","Eruption Observed","1968 CE",-6.73,129.5,781,"Andesite / Basaltic Andesite","Subduction zone / Oceanic crust (< 15 km)","Banda Sea","Stratovolcano","Historical","D1",654.357292271173
265070,"Serua","Indonesia","Sunda-Banda Volcanic Regions","Inner Banda Volcanic Arc","Composite","Stratovolcano","Eruption Observed","1921 CE",-6.312,130.017,608,"Andesite / Basaltic Andesite","Subduction zone / Oceanic crust (< 15 km)","Banda Sea","Stratovolcano","Historical","D2",690.01211959368
265080,"Manuk","Indonesia","Sunda-Banda Volcanic Regions","Inner Banda Volcanic Arc","Composite","Stratovolcano","Unrest / Holocene","Unknown",-5.543,130.303,257,"Andesite / Basaltic Andesite","Subduction zone / Oceanic crust (< 15 km)","Banda Sea","Stratovolcano","Fumarolic","U",771.814273563498
265030,"Utara Wetar","Indonesia","Sunda-Banda Volcanic Regions","Inner Banda Volcanic Arc","Composite","Stratovolcano",NA,NA,-6.635,126.66,239,"Andesite / Basaltic Andesite","Subduction zone / Oceanic crust (< 15 km)",NA,NA,NA,NA,794.022054139501
264270,"Sirung","Indonesia","Sunda-Banda Volcanic Regions","Sunda Volcanic Arc","Composite","Complex","Eruption Observed","2021 CE",-8.4972,124.1306,1347,"Andesite / Basaltic Andesite","Subduction zone / Crustal thickness unknown","Lesser Sunda Is","Complex volcano","Historical","D1",856.339488321289
265090,"Banda Api","Indonesia","Sunda-Banda Volcanic Regions","Inner Banda Volcanic Arc","Composite","Caldera","Eruption Observed","1988 CE",-4.523,129.881,596,"Dacite","Subduction zone / Oceanic crust (< 15 km)","Banda Sea","Caldera","Historical","D1",889.27133091035
264250,"Iliwerung","Indonesia","Sunda-Banda Volcanic Regions","Sunda Volcanic Arc","Composite","Complex","Eruption Observed","2021 CE",-8.532,123.573,583,"Basalt / Picro-Basalt","Subduction zone / Crustal thickness unknown","Lesser Sunda Is","Complex volcano","Historical","D1",907.220233433942
264240,"Ililabalekan","Indonesia","Sunda-Banda Volcanic Regions","Sunda Volcanic Arc","Composite","Stratovolcano","Unrest / Holocene","Unknown",-8.55,123.38,1018,"Basalt / Picro-Basalt","Subduction zone / Crustal thickness unknown","Lesser Sunda Is","Stratovolcano","Fumarolic","U",924.79781868562
264230,"Lewotolok","Indonesia","Sunda-Banda Volcanic Regions","Sunda Volcanic Arc","Composite","Stratovolcano","Eruption Observed","2026 CE",-8.274,123.508,1431,"Andesite / Basaltic Andesite","Subduction zone / Crustal thickness unknown","Lesser Sunda Is","Stratovolcano","Historical","D2",927.791622850118
264220,"Iliboleng","Indonesia","Sunda-Banda Volcanic Regions","Sunda Volcanic Arc","Composite","Stratovolcano","Eruption Observed","1993 CE",-8.342,123.258,1659,"Basalt / Picro-Basalt","Subduction zone / Crustal thickness unknown","Lesser Sunda Is","Stratovolcano","Historical","D1",947.778994254683
264260,"Tara, Batu","Indonesia","Sunda-Banda Volcanic Regions","Sunda Volcanic Arc","Composite","Stratovolcano","Eruption Observed","2015 CE",-7.791,123.585,633,"Trachybasalt / Tephrite Basanite","Subduction zone / Oceanic crust (< 15 km)","Lesser Sunda Is","Stratovolcano","Historical","D3",949.298766111159
264180,"Lewotobi","Indonesia","Sunda-Banda Volcanic Regions","Sunda Volcanic Arc","Composite","Stratovolcano(es)","Eruption Observed","2026 CE",-8.542,122.775,1703,"Andesite / Basaltic Andesite","Subduction zone / Crustal thickness unknown","Lesser Sunda Is","Stratovolcano","Historical","D1",984.041567159319
264200,"Lereboleng","Indonesia","Sunda-Banda Volcanic Regions","Sunda Volcanic Arc","Composite","Complex",NA,NA,-8.365,122.833,1111,"Andesite / Basaltic Andesite","Subduction zone / Crustal thickness unknown",NA,NA,NA,NA,987.498240156257
264170,"Ilimuda","Indonesia","Sunda-Banda Volcanic Regions","Sunda Volcanic Arc","Composite","Stratovolcano",NA,NA,-8.479,122.761,881,"Andesite / Basaltic Andesite","Subduction zone / Crustal thickness unknown","Lesser Sunda Is","Stratovolcano","Fumarolic","U",988.60843473241
264160,"Egon","Indonesia","Sunda-Banda Volcanic Regions","Sunda Volcanic Arc","Composite","Stratovolcano","Eruption Observed","2008 CE",-8.676,122.455,1661,"Andesite / Basaltic Andesite","Subduction zone / Crustal thickness unknown","Lesser Sunda Is","Stratovolcano","Historical","D2",1009.03660020303
264140,"Kelimutu","Indonesia","Sunda-Banda Volcanic Regions","Sunda Volcanic Arc","Composite","Complex","Eruption Observed","1968 CE",-8.77,121.82,1639,"Andesite / Basaltic Andesite","Subduction zone / Crustal thickness unknown","Lesser Sunda Is","Complex volcano","Historical","D1",1068.29270842382
264110,"Iya","Indonesia","Sunda-Banda Volcanic Regions","Sunda Volcanic Arc","Composite","Stratovolcano","Eruption Observed","1969 CE",-8.891,121.641,618,"Basalt / Picro-Basalt","Subduction zone / Crustal thickness unknown","Lesser Sunda Is","Stratovolcano","Historical","D1",1081.18385160299
264150,"Paluweh","Indonesia","Sunda-Banda Volcanic Regions","Sunda Volcanic Arc","Composite","Stratovolcano","Eruption Observed","2013 CE",-8.32,121.708,875,"Andesite / Basaltic Andesite","Subduction zone / Crustal thickness unknown","Lesser Sunda Is","Stratovolcano","Historical","D1",1100.22611643045
264100,"Ebulobo","Indonesia","Sunda-Banda Volcanic Regions","Sunda Volcanic Arc","Composite","Stratovolcano","Eruption Observed","1969 CE",-8.817,121.191,2096,"Andesite / Basaltic Andesite","Subduction zone / Crustal thickness unknown","Lesser Sunda Is","Stratovolcano","Historical","D1",1130.08645178885
264080,"Inierie","Indonesia","Sunda-Banda Volcanic Regions","Sunda Volcanic Arc","Composite","Stratovolcano","Eruption Dated","8050 BCE",-8.875,120.95,2245,"Andesite / Basaltic Andesite","Subduction zone / Crustal thickness unknown","Lesser Sunda Is","Stratovolcano","Fumarolic","U",1152.36137752393
264090,"Inielika","Indonesia","Sunda-Banda Volcanic Regions","Sunda Volcanic Arc","Composite","Complex","Eruption Observed","2001 CE",-8.73,120.98,1559,"Andesite / Basaltic Andesite","Subduction zone / Crustal thickness unknown","Lesser Sunda Is","Complex volcano","Historical","D2",1155.20896144639
264071,"Ranakah","Indonesia","Sunda-Banda Volcanic Regions","Sunda Volcanic Arc","Cluster","Lava dome(s)","Eruption Observed","1991 CE",-8.637,120.5302,2288,"Andesite / Basaltic Andesite","Subduction zone / Continental crust (>25 km)","Lesser Sunda Is","Lava dome","Historical","D1",1204.96512229678
264070,"Poco Leok","Indonesia","Sunda-Banda Volcanic Regions","Sunda Volcanic Arc","Composite","Stratovolcano",NA,NA,-8.68,120.48,1675,"Andesite / Basaltic Andesite","Subduction zone / Crustal thickness unknown","Lesser Sunda Is","Unknown","Fumarolic","U",1208.35648299303
264060,"Sano, Wai","Indonesia","Sunda-Banda Volcanic Regions","Sunda Volcanic Arc","Composite","Caldera","Evidence Credible","Unknown",-8.7345,120.0074,1319,"Dacite","Subduction zone / Continental crust (>25 km)","Lesser Sunda Is","Caldera","Holocene","U",1254.78642147718
264842,"Beliling","Indonesia","Sunda-Banda Volcanic Regions","Sunda Volcanic Arc","Unknown","Unknown",NA,NA,-8.62,119.97,1153,NA,"Subduction zone / Continental crust (>25 km)",NA,NA,NA,NA,1263.09113479707
264841,"Ora, Doro","Indonesia","Sunda-Banda Volcanic Regions","Sunda Volcanic Arc","Unknown","Unknown",NA,NA,-8.75,119.67,668,NA,"Subduction zone / Continental crust (>25 km)",NA,NA,NA,NA,1289.05659317289
264840,"Otota, Doro","Indonesia","Sunda-Banda Volcanic Regions","Sunda Volcanic Arc","Unknown","Unknown",NA,NA,-8.72,119.42,518,NA,"Subduction zone / Continental crust (>25 km)",NA,NA,NA,NA,1316.06629154849
264839,"Gilibanta","Indonesia","Sunda-Banda Volcanic Regions","Sunda Volcanic Arc","Composite","Stratovolcano?",NA,NA,-8.42,119.32,363,NA,"Subduction zone / Continental crust (>25 km)",NA,NA,NA,NA,1337.81956757238
