"Elevation","Rock Type"
800,"Trachyte / Trachydacite"
180,"Rhyolite"
1302,"Trachyandesite / Basaltic Trachyandesite"
2143,"Rhyolite"
1683,"Rhyolite"
4033,"Trachyandesite / Basaltic Trachyandesite"
2145,"Andesite / Basaltic Andesite"
3750,"Andesite / Basaltic Andesite"
1554,"Rhyolite"
875,"Rhyolite"
2728,"Basalt / Picro-Basalt"
2156,"Basalt / Picro-Basalt"
1636,"Rhyolite"
1650,"Basalt / Picro-Basalt"
1111,"Basalt / Picro-Basalt"
5881,"Phonolite"
1146,"Foidite"
1690,"Basalt / Picro-Basalt"
2179,"Phonolite"
1568,"Foidite"
1067,"Foidite"
1554,"Foidite"
1707,"Foidite"
3696,"Trachyandesite / Basaltic Trachyandesite"
4103,"Trachybasalt / Tephrite Basanite"
1460,"Basalt / Picro-Basalt"
2024,"Basalt / Picro-Basalt"
2266,"Basalt / Picro-Basalt"
2006,"Basalt / Picro-Basalt"
2411,"Basalt / Picro-Basalt"
1230,"Trachybasalt / Tephrite Basanite"
930,"Basalt / Picro-Basalt"
1200,"Basalt / Picro-Basalt"
470,"Basalt / Picro-Basalt"
516,"Basalt / Picro-Basalt"
3707,"Andesite / Basaltic Andesite"
4784,"Andesite / Basaltic Andesite"
2400,"Trachybasalt / Tephrite Basanite"
3490,"Andesite / Basaltic Andesite"
1500,"Basalt / Picro-Basalt"
3940,"Andesite / Basaltic Andesite"
3800,"Trachyandesite / Basaltic Trachyandesite"
3190,"Dacite"
1475,"Basalt / Picro-Basalt"
419,"Foidite"
1800,"Trachyte / Trachydacite"
2644,"Trachybasalt / Tephrite Basanite"
388,"Trachybasalt / Tephrite Basanite"
397,"Trachybasalt / Tephrite Basanite"
592,"Rhyolite"
897,"Rhyolite"
146,"Basalt / Picro-Basalt"
522,"Basalt / Picro-Basalt"
246,"Basalt / Picro-Basalt"
205,"Basalt / Picro-Basalt"
171,"Basalt / Picro-Basalt"
368,"Andesite / Basaltic Andesite"
3568,"Andesite / Basaltic Andesite"
2950,"Trachybasalt / Tephrite Basanite"
3384,"Andesite / Basaltic Andesite"
700,"Trachybasalt / Tephrite Basanite"
2175,"Andesite / Basaltic Andesite"
1000,"Andesite / Basaltic Andesite"
1003,"Basalt / Picro-Basalt"
513,"Basalt / Picro-Basalt"
852,"Basalt / Picro-Basalt"
722,"Andesite / Basaltic Andesite"
1309,"Andesite / Basaltic Andesite"
2157,"Dacite"
1503,"Dacite"
1819,"Dacite"
1862,"Andesite / Basaltic Andesite"
737,"Andesite / Basaltic Andesite"
2151,"Dacite"
2122,"Basalt / Picro-Basalt"
2467,"Basalt / Picro-Basalt"
1900,"Andesite / Basaltic Andesite"
1717,"Andesite / Basaltic Andesite"
849,"Andesite / Basaltic Andesite"
1282,"Andesite / Basaltic Andesite"
2184,"Andesite / Basaltic Andesite"
2307,"Andesite / Basaltic Andesite"
2594,"Andesite / Basaltic Andesite"
1796,"Andesite / Basaltic Andesite"
2033,"Trachyandesite / Basaltic Trachyandesite"
1891,"Andesite / Basaltic Andesite"
1625,"Trachybasalt / Tephrite Basanite"
2563,"Andesite / Basaltic Andesite"
662,"No Data (checked)"
507,"Andesite / Basaltic Andesite"
1675,"Andesite / Basaltic Andesite"
881,"Andesite / Basaltic Andesite"
1111,"Andesite / Basaltic Andesite"
239,"Andesite / Basaltic Andesite"
1202,"Andesite / Basaltic Andesite"
422,"Andesite / Basaltic Andesite"
1006,"Andesite / Basaltic Andesite"
932,"Andesite / Basaltic Andesite"
1077,"Basalt / Picro-Basalt"
811,"Basalt / Picro-Basalt"
840,"Andesite / Basaltic Andesite"
2938,"Andesite / Basaltic Andesite"
2280,"Basalt / Picro-Basalt"
2824,"Basalt / Picro-Basalt"
2404,"Basalt / Picro-Basalt"
2450,"Basalt / Picro-Basalt"
664,"Andesite / Basaltic Andesite"
1862,"Andesite / Basaltic Andesite"
1885,"Andesite / Basaltic Andesite"
1510,"Andesite / Basaltic Andesite"
834,"Andesite / Basaltic Andesite"
1102,"Andesite / Basaltic Andesite"
1294,"Andesite / Basaltic Andesite"
1157,"Andesite / Basaltic Andesite"
743,"Andesite / Basaltic Andesite"
1388,"Andesite / Basaltic Andesite"
1253,"Andesite / Basaltic Andesite"
1026,"Basalt / Picro-Basalt"
369,"Trachyandesite / Basaltic Trachyandesite"
2260,"Andesite / Basaltic Andesite"
259,"Basalt / Picro-Basalt"
800,"Basalt / Picro-Basalt"
1000,"Basalt / Picro-Basalt"
392,"Basalt / Picro-Basalt"
385,"Basalt / Picro-Basalt"
507,"Trachyandesite / Basaltic Trachyandesite"
301,"Andesite / Basaltic Andesite"
151,"Basalt / Picro-Basalt"
2924,"Andesite / Basaltic Andesite"
1401,"Andesite / Basaltic Andesite"
495,"Andesite / Basaltic Andesite"
-126,"No Data (checked)"
442,"Andesite / Basaltic Andesite"
1167,"No Data (checked)"
532,"Andesite / Basaltic Andesite"
998,"Andesite / Basaltic Andesite"
-360,"No Data (checked)"
503,"Basalt / Picro-Basalt"
900,"Basalt / Picro-Basalt"
892,"Basalt / Picro-Basalt"
1322,"No Data (checked)"
719,"Basalt / Picro-Basalt"
814,"Basalt / Picro-Basalt"
858,"Basalt / Picro-Basalt"
1200,"Basalt / Picro-Basalt"
2020,"Basalt / Picro-Basalt"
1802,"Andesite / Basaltic Andesite"
1906,"Andesite / Basaltic Andesite"
1200,"Basalt / Picro-Basalt"
1200,"Basalt / Picro-Basalt"
1956,"Basalt / Picro-Basalt"
2004,"Basalt / Picro-Basalt"
1442,"Basalt / Picro-Basalt"
1692,"Basalt / Picro-Basalt"
915,"Basalt / Picro-Basalt"
1170,"Basalt / Picro-Basalt"
1828,"Basalt / Picro-Basalt"
1554,"Basalt / Picro-Basalt"
1377,"Basalt / Picro-Basalt"
1046,"Basalt / Picro-Basalt"
1400,"Basalt / Picro-Basalt"
1778,"Basalt / Picro-Basalt"
1427,"Basalt / Picro-Basalt"
1349,"Basalt / Picro-Basalt"
1244,"Basalt / Picro-Basalt"
1527,"Basalt / Picro-Basalt"
965,"Basalt / Picro-Basalt"
1318,"Basalt / Picro-Basalt"
1516,"Basalt / Picro-Basalt"
1641,"Basalt / Picro-Basalt"
2525,"Basalt / Picro-Basalt"
1822,"Basalt / Picro-Basalt"
1607,"Basalt / Picro-Basalt"
1582,"Basalt / Picro-Basalt"
1255,"Basalt / Picro-Basalt"
1255,"Basalt / Picro-Basalt"
2080,"Basalt / Picro-Basalt"
2169,"Basalt / Picro-Basalt"
2300,"Basalt / Picro-Basalt"
2169,"Basalt / Picro-Basalt"
1340,"Basalt / Picro-Basalt"
1103,"Basalt / Picro-Basalt"
1250,"Basalt / Picro-Basalt"
1200,"Trachybasalt / Tephrite Basanite"
2765,"Trachybasalt / Tephrite Basanite"
1886,"Trachyandesite / Basaltic Trachyandesite"
1778,"Basalt / Picro-Basalt"
5400,"Phonolite"
400,"Basalt / Picro-Basalt"
560,"No Data (checked)"
2446,"No Data (checked)"
511,"Basalt / Picro-Basalt"
673,"Basalt / Picro-Basalt"
4959,"Andesite / Basaltic Andesite"
2760,"Basalt / Picro-Basalt"
1923,"Trachybasalt / Tephrite Basanite"
1711,"Basalt / Picro-Basalt"
1501,"Basalt / Picro-Basalt"
1168,"Basalt / Picro-Basalt"
1631,"Basalt / Picro-Basalt"
1535,"Basalt / Picro-Basalt"
2191,"Andesite / Basaltic Andesite"
1652,"Basalt / Picro-Basalt"
2886,"Basalt / Picro-Basalt"
2400,"Rhyolite"
1495,"Basalt / Picro-Basalt"
2805,"Rhyolite"
1465,"Trachybasalt / Tephrite Basanite"
2135,"Basalt / Picro-Basalt"
-1200,"No Data (checked)"
359,"Basalt / Picro-Basalt"
223,"Dacite"
260,"Trachybasalt / Tephrite Basanite"
443,"No Data (checked)"
1934,"Andesite / Basaltic Andesite"
95,"Basalt / Picro-Basalt"
3600,"Dacite"
775,"Basalt / Picro-Basalt"
4282,"Andesite / Basaltic Andesite"
3500,"Andesite / Basaltic Andesite"
3931,"Andesite / Basaltic Andesite"
1650,"Basalt / Picro-Basalt"
1192,"Basalt / Picro-Basalt"
781,"Basalt / Picro-Basalt"
1438,"Basalt / Picro-Basalt"
700,"Dacite"
1225,"Basalt / Picro-Basalt"
505,"Basalt / Picro-Basalt"
51,"Basalt / Picro-Basalt"
832,"Andesite / Basaltic Andesite"
1394,"Trachyandesite / Basaltic Trachyandesite"
899,"Basalt / Picro-Basalt"
603,"Basalt / Picro-Basalt"
926,"Basalt / Picro-Basalt"
203,"Trachybasalt / Tephrite Basanite"
1185,"Dacite"
4007,"No Data (checked)"
5490,"Andesite / Basaltic Andesite"
6059,"Andesite / Basaltic Andesite"
3175,"Andesite / Basaltic Andesite"
5960,"Andesite / Basaltic Andesite"
4215,"Rhyolite"
3650,"Basalt / Picro-Basalt"
5438,"Dacite"
5543,"Andesite / Basaltic Andesite"
5868,"Andesite / Basaltic Andesite"
5846,"Andesite / Basaltic Andesite"
6142,"Andesite / Basaltic Andesite"
4576,"Andesite / Basaltic Andesite"
3500,"Andesite / Basaltic Andesite"
6052,"Dacite"
5486,"Dacite"
3495,"Andesite / Basaltic Andesite"
159,"Trachybasalt / Tephrite Basanite"
922,"Basalt / Picro-Basalt"
-642,"No Data (checked)"
4702,"Dacite"
1435,"Basalt / Picro-Basalt"
2360,"Dacite"
2186,"Andesite / Basaltic Andesite"
2448,"Trachyandesite / Basaltic Trachyandesite"
1897,"Basalt / Picro-Basalt"
1846,"Basalt / Picro-Basalt"
681,"Basalt / Picro-Basalt"
718,"Basalt / Picro-Basalt"
725,"Basalt / Picro-Basalt"
600,"Foidite"
2987,"Trachybasalt / Tephrite Basanite"
3292,"Trachybasalt / Tephrite Basanite"
3110,"Basalt / Picro-Basalt"
3595,"Trachybasalt / Tephrite Basanite"
1640,"Basalt / Picro-Basalt"
368,"Basalt / Picro-Basalt"
600,"Foidite"
1464,"Basalt / Picro-Basalt"
893,"Trachybasalt / Tephrite Basanite"
1117,"Basalt / Picro-Basalt"
949,"Foidite"
458,"Trachyte / Trachydacite"
789,"Trachyte / Trachydacite"
-70,"Phonolite"
924,"Trachyandesite / Basaltic Trachyandesite"
399,"Andesite / Basaltic Andesite"
590,"Rhyolite"
500,"Trachybasalt / Tephrite Basanite"
3357,"Trachybasalt / Tephrite Basanite"
-8,"Trachybasalt / Tephrite Basanite"
836,"Rhyolite"
380,"Andesite / Basaltic Andesite"
751,"Rhyolite"
367,"Dacite"
698,"Dacite"
750,"Trachybasalt / Tephrite Basanite"
3253,"Dacite"
3864,"Dacite"
1957,"Basalt / Picro-Basalt"
2948,"Rhyolite"
3514,"Basalt / Picro-Basalt"
5165,"Andesite / Basaltic Andesite"
5642,"Dacite"
5004,"Andesite / Basaltic Andesite"
3290,"Andesite / Basaltic Andesite"
4095,"Andesite / Basaltic Andesite"
3597,"Andesite / Basaltic Andesite"
2575,"Andesite / Basaltic Andesite"
3029,"Andesite / Basaltic Andesite"
3139,"Andesite / Basaltic Andesite"
244,"Trachybasalt / Tephrite Basanite"
191,"Basalt / Picro-Basalt"
624,"Basalt / Picro-Basalt"
422,"Basalt / Picro-Basalt"
904,"Rhyolite"
-48,"No Data (checked)"
287,"Basalt / Picro-Basalt"
578,"Basalt / Picro-Basalt"
668,"Basalt / Picro-Basalt"
585,"Basalt / Picro-Basalt"
988,"Basalt / Picro-Basalt"
493,"Basalt / Picro-Basalt"
1625,"Basalt / Picro-Basalt"
2218,"Trachyte / Trachydacite"
1875,"Trachyte / Trachydacite"
1611,"Basalt / Picro-Basalt"
1338,"Basalt / Picro-Basalt"
493,"Basalt / Picro-Basalt"
655,"Basalt / Picro-Basalt"
784,"Basalt / Picro-Basalt"
1250,"Rhyolite"
1745,"Rhyolite"
1496,"Basalt / Picro-Basalt"
1401,"Basalt / Picro-Basalt"
1302,"Basalt / Picro-Basalt"
600,"Basalt / Picro-Basalt"
625,"Basalt / Picro-Basalt"
600,"Basalt / Picro-Basalt"
1993,"Rhyolite"
600,"Basalt / Picro-Basalt"
987,"Basalt / Picro-Basalt"
298,"Basalt / Picro-Basalt"
700,"Basalt / Picro-Basalt"
1068,"Basalt / Picro-Basalt"
1459,"Rhyolite"
1383,"Rhyolite"
2145,"Rhyolite"
1670,"Rhyolite"
900,"Basalt / Picro-Basalt"
878,"No Data (checked)"
1151,"Rhyolite"
2007,"Rhyolite"
1100,"Basalt / Picro-Basalt"
1380,"Rhyolite"
2447,"Rhyolite"
1850,"Basalt / Picro-Basalt"
1765,"Basalt / Picro-Basalt"
1909,"Rhyolite"
2345,"Rhyolite"
1889,"Basalt / Picro-Basalt"
2281,"Basalt / Picro-Basalt"
2335,"Rhyolite"
2075,"Rhyolite"
2289,"Rhyolite"
1700,"No Data (checked)"
912,"Trachybasalt / Tephrite Basanite"
490,"Trachyandesite / Basaltic Trachyandesite"
518,"Basalt / Picro-Basalt"
800,"Basalt / Picro-Basalt"
1707,"Basalt / Picro-Basalt"
1032,"Trachyte / Trachydacite"
817,"Basalt / Picro-Basalt"
699,"Basalt / Picro-Basalt"
1285,"Trachyte / Trachydacite"
1528,"Trachyte / Trachydacite"
1697,"Trachyte / Trachydacite"
1446,"Trachyte / Trachydacite"
1130,"Basalt / Picro-Basalt"
750,"Basalt / Picro-Basalt"
2278,"Trachyte / Trachydacite"
1751,"Foidite"
2126,"Basalt / Picro-Basalt"
2856,"Rhyolite"
2434,"Rhyolite"
2776,"Trachyte / Trachydacite"
2356,"Phonolite"
2962,"Foidite"
2188,"Trachybasalt / Tephrite Basanite"
4550,"Phonolite"
2614,"Trachyte / Trachydacite"
2953,"Trachyte / Trachydacite"
2176,"Trachyte / Trachydacite"
1615,"Foidite"
1300,"Foidite"
3058,"Trachybasalt / Tephrite Basanite"
3470,"Foidite"
4490,"Trachybasalt / Tephrite Basanite"
2999,"Basalt / Picro-Basalt"
4095,"Trachybasalt / Tephrite Basanite"
500,"Trachybasalt / Tephrite Basanite"
3011,"Basalt / Picro-Basalt"
1780,"Basalt / Picro-Basalt"
1467,"Trachybasalt / Tephrite Basanite"
2918,"Trachybasalt / Tephrite Basanite"
1672,"Trachybasalt / Tephrite Basanite"
2000,"Basalt / Picro-Basalt"
3299,"Trachyte / Trachydacite"
3100,"Trachyte / Trachydacite"
3415,"Trachyte / Trachydacite"
3042,"Basalt / Picro-Basalt"
1779,"Basalt / Picro-Basalt"
2000,"Trachybasalt / Tephrite Basanite"
670,"Trachybasalt / Tephrite Basanite"
1100,"Basalt / Picro-Basalt"
1370,"Basalt / Picro-Basalt"
1625,"Basalt / Picro-Basalt"
2093,"Basalt / Picro-Basalt"
1744,"Basalt / Picro-Basalt"
1475,"Trachybasalt / Tephrite Basanite"
587,"Basalt / Picro-Basalt"
305,"Basalt / Picro-Basalt"
3100,"Trachybasalt / Tephrite Basanite"
1550,"Basalt / Picro-Basalt"
3500,"Basalt / Picro-Basalt"
1737,"Trachybasalt / Tephrite Basanite"
604,"Basalt / Picro-Basalt"
464,"Basalt / Picro-Basalt"
5670,"Trachyandesite / Basaltic Trachyandesite"
1064,"Trachybasalt / Tephrite Basanite"
660,"Basalt / Picro-Basalt"
2350,"Basalt / Picro-Basalt"
2632,"Basalt / Picro-Basalt"
-650,"Basalt / Picro-Basalt"
881,"Basalt / Picro-Basalt"
268,"Basalt / Picro-Basalt"
2745,"Trachybasalt / Tephrite Basanite"
263,"Phonolite"
1840,"Trachyandesite / Basaltic Trachyandesite"
1090,"Basalt / Picro-Basalt"
934,"Basalt / Picro-Basalt"
775,"Basalt / Picro-Basalt"
672,"Basalt / Picro-Basalt"
1230,"Basalt / Picro-Basalt"
260,"Trachybasalt / Tephrite Basanite"
355,"Rhyolite"
2518,"Andesite / Basaltic Andesite"
294,"Andesite / Basaltic Andesite"
1111,"Rhyolite"
760,"Rhyolite"
1978,"Andesite / Basaltic Andesite"
2797,"Andesite / Basaltic Andesite"
-860,"Basalt / Picro-Basalt"
-600,"Basalt / Picro-Basalt"
-400,"Andesite / Basaltic Andesite"
-500,"Andesite / Basaltic Andesite"
-220,"Andesite / Basaltic Andesite"
-1200,"Andesite / Basaltic Andesite"
-980,"Dacite"
-1350,"Dacite"
-900,"Basalt / Picro-Basalt"
47,"Andesite / Basaltic Andesite"
238,"Basalt / Picro-Basalt"
-65,"Basalt / Picro-Basalt"
516,"Andesite / Basaltic Andesite"
-132,"Basalt / Picro-Basalt"
-385,"Basalt / Picro-Basalt"
-68,"No Data (checked)"
-65,"Andesite / Basaltic Andesite"
-296,"No Data (checked)"
114,"Andesite / Basaltic Andesite"
-17,"Andesite / Basaltic Andesite"
515,"Andesite / Basaltic Andesite"
1009,"Andesite / Basaltic Andesite"
43,"Dacite"
-10,"Dacite"
540,"Andesite / Basaltic Andesite"
-40,"Dacite"
188,"Dacite"
546,"Andesite / Basaltic Andesite"
-33,"Dacite"
260,"Basalt / Picro-Basalt"
-1400,"Basalt / Picro-Basalt"
-1174,"Andesite / Basaltic Andesite"
-592,"Basalt / Picro-Basalt"
931,"Basalt / Picro-Basalt"
639,"Basalt / Picro-Basalt"
653,"Basalt / Picro-Basalt"
1100,"Basalt / Picro-Basalt"
1858,"Basalt / Picro-Basalt"
1241,"Basalt / Picro-Basalt"
791,"Andesite / Basaltic Andesite"
270,"Rhyolite"
-1300,"No Data (checked)"
402,"Andesite / Basaltic Andesite"
365,"Andesite / Basaltic Andesite"
685,"Andesite / Basaltic Andesite"
1807,"Basalt / Picro-Basalt"
1839,"Andesite / Basaltic Andesite"
-5,"No Data (checked)"
1263,"Andesite / Basaltic Andesite"
1335,"Basalt / Picro-Basalt"
75,"Basalt / Picro-Basalt"
947,"Basalt / Picro-Basalt"
1330,"Basalt / Picro-Basalt"
408,"Andesite / Basaltic Andesite"
1116,"Andesite / Basaltic Andesite"
565,"Rhyolite"
564,"Andesite / Basaltic Andesite"
796,"Andesite / Basaltic Andesite"
724,"Dacite"
610,"Andesite / Basaltic Andesite"
1148,"Dacite"
2248,"Andesite / Basaltic Andesite"
2334,"Basalt / Picro-Basalt"
878,"Basalt / Picro-Basalt"
688,"Dacite"
200,"Rhyolite"
1680,"Andesite / Basaltic Andesite"
1915,"Andesite / Basaltic Andesite"
1342,"Trachybasalt / Tephrite Basanite"
1832,"Andesite / Basaltic Andesite"
493,"Trachyandesite / Basaltic Trachyandesite"
220,"Andesite / Basaltic Andesite"
194,"Andesite / Basaltic Andesite"
500,"Rhyolite"
2715,"Andesite / Basaltic Andesite"
1544,"Andesite / Basaltic Andesite"
1855,"Andesite / Basaltic Andesite"
2210,"Andesite / Basaltic Andesite"
1887,"Andesite / Basaltic Andesite"
335,"Andesite / Basaltic Andesite"
-700,"Dacite"
-717,"No Data (checked)"
-20,"Andesite / Basaltic Andesite"
-240,"Andesite / Basaltic Andesite"
455,"Andesite / Basaltic Andesite"
796,"Andesite / Basaltic Andesite"
411,"Basalt / Picro-Basalt"
921,"Andesite / Basaltic Andesite"
729,"Andesite / Basaltic Andesite"
1496,"Basalt / Picro-Basalt"
1334,"Basalt / Picro-Basalt"
1413,"Basalt / Picro-Basalt"
833,"Basalt / Picro-Basalt"
-2,"Basalt / Picro-Basalt"
589,"Basalt / Picro-Basalt"
817,"Basalt / Picro-Basalt"
361,"Andesite / Basaltic Andesite"
-33,"Basalt / Picro-Basalt"
177,"Andesite / Basaltic Andesite"
297,"Andesite / Basaltic Andesite"
1011,"Trachybasalt / Tephrite Basanite"
354,"Basalt / Picro-Basalt"
2785,"Andesite / Basaltic Andesite"
2617,"Andesite / Basaltic Andesite"
2181,"Andesite / Basaltic Andesite"
2460,"Andesite / Basaltic Andesite"
2145,"Andesite / Basaltic Andesite"
1988,"Andesite / Basaltic Andesite"
2911,"Andesite / Basaltic Andesite"
2885,"Andesite / Basaltic Andesite"
2879,"Andesite / Basaltic Andesite"
2575,"Andesite / Basaltic Andesite"
3800,"Andesite / Basaltic Andesite"
2507,"Andesite / Basaltic Andesite"
2507,"Andesite / Basaltic Andesite"
1962,"Andesite / Basaltic Andesite"
3142,"Andesite / Basaltic Andesite"
2836,"No Data (checked)"
1854,"Dacite"
1000,"No Data (checked)"
285,"Andesite / Basaltic Andesite"
1324,"Andesite / Basaltic Andesite"
1768,"Andesite / Basaltic Andesite"
1726,"Andesite / Basaltic Andesite"
2218,"Andesite / Basaltic Andesite"
3026,"Andesite / Basaltic Andesite"
2422,"Andesite / Basaltic Andesite"
2084,"Andesite / Basaltic Andesite"
2643,"Andesite / Basaltic Andesite"
2251,"Andesite / Basaltic Andesite"
1690,"Andesite / Basaltic Andesite"
2168,"Basalt / Picro-Basalt"
2201,"Basalt / Picro-Basalt"
3039,"Andesite / Basaltic Andesite"
3428,"Basalt / Picro-Basalt"
2565,"Andesite / Basaltic Andesite"
3149,"Andesite / Basaltic Andesite"
3370,"Andesite / Basaltic Andesite"
3370,"Andesite / Basaltic Andesite"
3118,"Basalt / Picro-Basalt"
2910,"Andesite / Basaltic Andesite"
3265,"Andesite / Basaltic Andesite"
1730,"Andesite / Basaltic Andesite"
2651,"No Data (checked)"
3343,"Andesite / Basaltic Andesite"
1631,"Andesite / Basaltic Andesite"
3657,"Andesite / Basaltic Andesite"
2329,"Trachyandesite / Basaltic Trachyandesite"
1641,"Basalt / Picro-Basalt"
3088,"Andesite / Basaltic Andesite"
3260,"Andesite / Basaltic Andesite"
2769,"Andesite / Basaltic Andesite"
1247,"Andesite / Basaltic Andesite"
2244,"Andesite / Basaltic Andesite"
1711,"Andesite / Basaltic Andesite"
2997,"Andesite / Basaltic Andesite"
3726,"Andesite / Basaltic Andesite"
2850,"Trachybasalt / Tephrite Basanite"
1912,"Trachybasalt / Tephrite Basanite"
1319,"Dacite"
2288,"Andesite / Basaltic Andesite"
2245,"Andesite / Basaltic Andesite"
1559,"Andesite / Basaltic Andesite"
2096,"Andesite / Basaltic Andesite"
618,"Basalt / Picro-Basalt"
1639,"Andesite / Basaltic Andesite"
875,"Andesite / Basaltic Andesite"
1661,"Andesite / Basaltic Andesite"
1703,"Andesite / Basaltic Andesite"
1659,"Basalt / Picro-Basalt"
1431,"Andesite / Basaltic Andesite"
1018,"Basalt / Picro-Basalt"
583,"Basalt / Picro-Basalt"
633,"Trachybasalt / Tephrite Basanite"
1347,"Andesite / Basaltic Andesite"
868,"Andesite / Basaltic Andesite"
728,"Andesite / Basaltic Andesite"
781,"Andesite / Basaltic Andesite"
608,"Andesite / Basaltic Andesite"
257,"Andesite / Basaltic Andesite"
596,"Dacite"
404,"Trachyandesite / Basaltic Trachyandesite"
1795,"Andesite / Basaltic Andesite"
1785,"Andesite / Basaltic Andesite"
1580,"Basalt / Picro-Basalt"
1299,"Andesite / Basaltic Andesite"
1968,"Andesite / Basaltic Andesite"
1334,"Andesite / Basaltic Andesite"
703,"Andesite / Basaltic Andesite"
1797,"Andesite / Basaltic Andesite"
-5,"Andesite / Basaltic Andesite"
1318,"Andesite / Basaltic Andesite"
317,"Basalt / Picro-Basalt"
1273,"Andesite / Basaltic Andesite"
1035,"Andesite / Basaltic Andesite"
1357,"Andesite / Basaltic Andesite"
1635,"Andesite / Basaltic Andesite"
979,"Andesite / Basaltic Andesite"
993,"Andesite / Basaltic Andesite"
687,"Basalt / Picro-Basalt"
1714,"Andesite / Basaltic Andesite"
1713,"Andesite / Basaltic Andesite"
308,"Andesite / Basaltic Andesite"
927,"Andesite / Basaltic Andesite"
1357,"Andesite / Basaltic Andesite"
1824,"Andesite / Basaltic Andesite"
2262,"Andesite / Basaltic Andesite"
1080,"Andesite / Basaltic Andesite"
1818,"Basalt / Picro-Basalt"
2790,"Basalt / Picro-Basalt"
610,"Andesite / Basaltic Andesite"
1552,"Andesite / Basaltic Andesite"
2422,"Andesite / Basaltic Andesite"
912,"Andesite / Basaltic Andesite"
1301,"Andesite / Basaltic Andesite"
1535,"Andesite / Basaltic Andesite"
2462,"Andesite / Basaltic Andesite"
1138,"Andesite / Basaltic Andesite"
1966,"Andesite / Basaltic Andesite"
2158,"Andesite / Basaltic Andesite"
1090,"Trachyandesite / Basaltic Trachyandesite"
311,"Andesite / Basaltic Andesite"
1486,"Dacite"
1133,"Andesite / Basaltic Andesite"
712,"Andesite / Basaltic Andesite"
228,"Andesite / Basaltic Andesite"
1064,"Andesite / Basaltic Andesite"
1009,"Andesite / Basaltic Andesite"
196,"Basalt / Picro-Basalt"
157,"Basalt / Picro-Basalt"
-20,"Basalt / Picro-Basalt"
1518,"Basalt / Picro-Basalt"
2865,"Basalt / Picro-Basalt"
361,"Andesite / Basaltic Andesite"
1120,"Andesite / Basaltic Andesite"
-200,"Rhyolite"
212,"Andesite / Basaltic Andesite"
495,"Andesite / Basaltic Andesite"
555,"Andesite / Basaltic Andesite"
796,"Andesite / Basaltic Andesite"
979,"Andesite / Basaltic Andesite"
628,"Andesite / Basaltic Andesite"
657,"Andesite / Basaltic Andesite"
704,"Rhyolite"
924,"Andesite / Basaltic Andesite"
1117,"Andesite / Basaltic Andesite"
40,"Basalt / Picro-Basalt"
1700,"Andesite / Basaltic Andesite"
315,"Basalt / Picro-Basalt"
1483,"Andesite / Basaltic Andesite"
1592,"Andesite / Basaltic Andesite"
1791,"Andesite / Basaltic Andesite"
1584,"Andesite / Basaltic Andesite"
641,"Andesite / Basaltic Andesite"
1126,"Dacite"
1406,"Basalt / Picro-Basalt"
1438,"Andesite / Basaltic Andesite"
3776,"Basalt / Picro-Basalt"
2480,"Andesite / Basaltic Andesite"
3067,"Andesite / Basaltic Andesite"
2702,"Andesite / Basaltic Andesite"
3026,"Andesite / Basaltic Andesite"
2455,"Andesite / Basaltic Andesite"
2621,"Andesite / Basaltic Andesite"
2400,"Andesite / Basaltic Andesite"
2454,"Andesite / Basaltic Andesite"
2568,"Andesite / Basaltic Andesite"
2165,"Andesite / Basaltic Andesite"
2041,"Andesite / Basaltic Andesite"
1449,"Andesite / Basaltic Andesite"
1828,"Andesite / Basaltic Andesite"
2356,"Andesite / Basaltic Andesite"
2578,"Andesite / Basaltic Andesite"
2486,"Andesite / Basaltic Andesite"
2341,"Dacite"
1795,"Andesite / Basaltic Andesite"
1915,"Andesite / Basaltic Andesite"
835,"Dacite"
1816,"Andesite / Basaltic Andesite"
1728,"Andesite / Basaltic Andesite"
1949,"Andesite / Basaltic Andesite"
1841,"Andesite / Basaltic Andesite"
552,"Dacite"
470,"Rhyolite"
1627,"Andesite / Basaltic Andesite"
2236,"Andesite / Basaltic Andesite"
1637,"Basalt / Picro-Basalt"
2038,"Basalt / Picro-Basalt"
1613,"Andesite / Basaltic Andesite"
1366,"Andesite / Basaltic Andesite"
160,"Andesite / Basaltic Andesite"
1625,"Andesite / Basaltic Andesite"
1011,"Andesite / Basaltic Andesite"
1585,"Andesite / Basaltic Andesite"
878,"Andesite / Basaltic Andesite"
746,"Basalt / Picro-Basalt"
508,"Basalt / Picro-Basalt"
432,"Rhyolite"
572,"Rhyolite"
775,"Basalt / Picro-Basalt"
851,"Basalt / Picro-Basalt"
-114,"Dacite"
854,"Basalt / Picro-Basalt"
423,"Basalt / Picro-Basalt"
-360,"Rhyolite"
11,"Dacite"
136,"Dacite"
394,"Basalt / Picro-Basalt"
99,"Basalt / Picro-Basalt"
-991,"Andesite / Basaltic Andesite"
-933,"Andesite / Basaltic Andesite"
-590,"Basalt / Picro-Basalt"
100,"Andesite / Basaltic Andesite"
-165,"Andesite / Basaltic Andesite"
-95,"Basalt / Picro-Basalt"
792,"Basalt / Picro-Basalt"
169,"Trachyandesite / Basaltic Trachyandesite"
-73,"No Data (checked)"
-29,"Trachyandesite / Basaltic Trachyandesite"
-107,"Trachyandesite / Basaltic Trachyandesite"
-392,"Basalt / Picro-Basalt"
-217,"Andesite / Basaltic Andesite"
-598,"Andesite / Basaltic Andesite"
-274,"Basalt / Picro-Basalt"
-1535,"Basalt / Picro-Basalt"
-323,"Andesite / Basaltic Andesite"
337,"Andesite / Basaltic Andesite"
-55,"Andesite / Basaltic Andesite"
-8,"Andesite / Basaltic Andesite"
227,"Basalt / Picro-Basalt"
857,"Andesite / Basaltic Andesite"
965,"Basalt / Picro-Basalt"
570,"Basalt / Picro-Basalt"
744,"Andesite / Basaltic Andesite"
232,"Andesite / Basaltic Andesite"
0,"Basalt / Picro-Basalt"
494,"Andesite / Basaltic Andesite"
-184,"No Data (checked)"
790,"Andesite / Basaltic Andesite"
-127,"Dacite"
-174,"Basalt / Picro-Basalt"
-74,"Basalt / Picro-Basalt"
-455,"Basalt / Picro-Basalt"
-1456,"No Data (checked)"
-1230,"Basalt / Picro-Basalt"
732,"Basalt / Picro-Basalt"
618,"Andesite / Basaltic Andesite"
1131,"Andesite / Basaltic Andesite"
733,"Basalt / Picro-Basalt"
1308,"Andesite / Basaltic Andesite"
1888,"Andesite / Basaltic Andesite"
549,"Basalt / Picro-Basalt"
1320,"Andesite / Basaltic Andesite"
1721,"Andesite / Basaltic Andesite"
2077,"Andesite / Basaltic Andesite"
2291,"Andesite / Basaltic Andesite"
2013,"Andesite / Basaltic Andesite"
1499,"Andesite / Basaltic Andesite"
574,"Dacite"
857,"Andesite / Basaltic Andesite"
1660,"Andesite / Basaltic Andesite"
1562,"Andesite / Basaltic Andesite"
535,"Andesite / Basaltic Andesite"
882,"Andesite / Basaltic Andesite"
1447,"Andesite / Basaltic Andesite"
1822,"Basalt / Picro-Basalt"
1221,"Andesite / Basaltic Andesite"
1206,"Andesite / Basaltic Andesite"
1610,"Andesite / Basaltic Andesite"
1158,"Andesite / Basaltic Andesite"
1107,"Andesite / Basaltic Andesite"
1587,"Basalt / Picro-Basalt"
1124,"Andesite / Basaltic Andesite"
1426,"No Data (checked)"
1328,"Andesite / Basaltic Andesite"
-100,"No Data (checked)"
742,"Andesite / Basaltic Andesite"
1504,"Andesite / Basaltic Andesite"
612,"Andesite / Basaltic Andesite"
1360,"Basalt / Picro-Basalt"
678,"Andesite / Basaltic Andesite"
1172,"Andesite / Basaltic Andesite"
357,"Andesite / Basaltic Andesite"
36,"No Data (checked)"
956,"Andesite / Basaltic Andesite"
1496,"Andesite / Basaltic Andesite"
551,"Basalt / Picro-Basalt"
724,"Andesite / Basaltic Andesite"
1170,"Andesite / Basaltic Andesite"
911,"Andesite / Basaltic Andesite"
1145,"Andesite / Basaltic Andesite"
1272,"Andesite / Basaltic Andesite"
994,"Andesite / Basaltic Andesite"
693,"Andesite / Basaltic Andesite"
1742,"Andesite / Basaltic Andesite"
1326,"Andesite / Basaltic Andesite"
1781,"Basalt / Picro-Basalt"
1183,"Andesite / Basaltic Andesite"
1103,"Andesite / Basaltic Andesite"
2285,"Basalt / Picro-Basalt"
2116,"Basalt / Picro-Basalt"
1822,"Basalt / Picro-Basalt"
646,"Basalt / Picro-Basalt"
1040,"Dacite"
81,"Dacite"
1555,"Andesite / Basaltic Andesite"
1926,"Basalt / Picro-Basalt"
1007,"Andesite / Basaltic Andesite"
681,"Basalt / Picro-Basalt"
2039,"Andesite / Basaltic Andesite"
1910,"Basalt / Picro-Basalt"
1227,"Basalt / Picro-Basalt"
2288,"Basalt / Picro-Basalt"
1799,"Basalt / Picro-Basalt"
2439,"Basalt / Picro-Basalt"
1021,"Basalt / Picro-Basalt"
2173,"Andesite / Basaltic Andesite"
874,"Basalt / Picro-Basalt"
3430,"Andesite / Basaltic Andesite"
2717,"Andesite / Basaltic Andesite"
2285,"Andesite / Basaltic Andesite"
2899,"Andesite / Basaltic Andesite"
520,"Basalt / Picro-Basalt"
1150,"Basalt / Picro-Basalt"
2278,"Andesite / Basaltic Andesite"
1547,"Basalt / Picro-Basalt"
1180,"Andesite / Basaltic Andesite"
1513,"Andesite / Basaltic Andesite"
1527,"Basalt / Picro-Basalt"
1720,"Basalt / Picro-Basalt"
2301,"Andesite / Basaltic Andesite"
1617,"Andesite / Basaltic Andesite"
1515,"Basalt / Picro-Basalt"
1816,"Basalt / Picro-Basalt"
3482,"Basalt / Picro-Basalt"
2539,"Basalt / Picro-Basalt"
2065,"Basalt / Picro-Basalt"
2129,"Andesite / Basaltic Andesite"
2334,"Andesite / Basaltic Andesite"
3611,"Basalt / Picro-Basalt"
2886,"Andesite / Basaltic Andesite"
3057,"Andesite / Basaltic Andesite"
2882,"Andesite / Basaltic Andesite"
4585,"Basalt / Picro-Basalt"
4754,"Basalt / Picro-Basalt"
3943,"Basalt / Picro-Basalt"
3283,"Andesite / Basaltic Andesite"
-300,"Dacite"
1967,"Dacite"
1868,"Andesite / Basaltic Andesite"
3596,"Basalt / Picro-Basalt"
1401,"Basalt / Picro-Basalt"
2570,"Basalt / Picro-Basalt"
355,"Andesite / Basaltic Andesite"
765,"Basalt / Picro-Basalt"
1399,"Basalt / Picro-Basalt"
2125,"Andesite / Basaltic Andesite"
583,"Basalt / Picro-Basalt"
265,"Andesite / Basaltic Andesite"
1523,"Basalt / Picro-Basalt"
1381,"Basalt / Picro-Basalt"
1764,"Basalt / Picro-Basalt"
2171,"Dacite"
2552,"Basalt / Picro-Basalt"
1936,"Basalt / Picro-Basalt"
2180,"Trachybasalt / Tephrite Basanite"
2047,"Basalt / Picro-Basalt"
2326,"Trachybasalt / Tephrite Basanite"
5090,"Trachyte / Trachydacite"
1605,"Basalt / Picro-Basalt"
1677,"Basalt / Picro-Basalt"
670,"Trachybasalt / Tephrite Basanite"
597,"Trachybasalt / Tephrite Basanite"
1000,"Trachybasalt / Tephrite Basanite"
1000,"Basalt / Picro-Basalt"
2744,"Trachyte / Trachydacite"
984,"Trachyandesite / Basaltic Trachyandesite"
1919,"Basalt / Picro-Basalt"
656,"Basalt / Picro-Basalt"
1220,"Andesite / Basaltic Andesite"
1160,"Andesite / Basaltic Andesite"
328,"No Data (checked)"
1174,"Andesite / Basaltic Andesite"
1221,"Basalt / Picro-Basalt"
1573,"Basalt / Picro-Basalt"
1806,"Basalt / Picro-Basalt"
1449,"Basalt / Picro-Basalt"
738,"Basalt / Picro-Basalt"
1307,"Andesite / Basaltic Andesite"
1196,"Andesite / Basaltic Andesite"
1740,"Andesite / Basaltic Andesite"
314,"Basalt / Picro-Basalt"
273,"Andesite / Basaltic Andesite"
1518,"Basalt / Picro-Basalt"
1054,"Andesite / Basaltic Andesite"
1066,"Andesite / Basaltic Andesite"
1028,"Andesite / Basaltic Andesite"
550,"Andesite / Basaltic Andesite"
1280,"Andesite / Basaltic Andesite"
1620,"Andesite / Basaltic Andesite"
1730,"Andesite / Basaltic Andesite"
1170,"Rhyolite"
888,"No Data (checked)"
893,"No Data (checked)"
2160,"Andesite / Basaltic Andesite"
1984,"Andesite / Basaltic Andesite"
1073,"Basalt / Picro-Basalt"
150,"Trachyandesite / Basaltic Trachyandesite"
1800,"Andesite / Basaltic Andesite"
1303,"Basalt / Picro-Basalt"
1563,"Basalt / Picro-Basalt"
1112,"Andesite / Basaltic Andesite"
2857,"Basalt / Picro-Basalt"
1871,"Rhyolite"
547,"Andesite / Basaltic Andesite"
1728,"Andesite / Basaltic Andesite"
1465,"Andesite / Basaltic Andesite"
1534,"Andesite / Basaltic Andesite"
2493,"Andesite / Basaltic Andesite"
2142,"Basalt / Picro-Basalt"
1354,"Andesite / Basaltic Andesite"
1895,"Andesite / Basaltic Andesite"
2507,"Andesite / Basaltic Andesite"
1032,"Andesite / Basaltic Andesite"
1341,"Andesite / Basaltic Andesite"
1345,"Andesite / Basaltic Andesite"
2221,"Andesite / Basaltic Andesite"
1677,"Andesite / Basaltic Andesite"
1474,"Andesite / Basaltic Andesite"
91,"Basalt / Picro-Basalt"
402,"No Data (checked)"
1863,"Dacite"
2165,"Andesite / Basaltic Andesite"
1864,"Andesite / Basaltic Andesite"
2047,"Andesite / Basaltic Andesite"
841,"Rhyolite"
2317,"Andesite / Basaltic Andesite"
2162,"Andesite / Basaltic Andesite"
2287,"Andesite / Basaltic Andesite"
2279,"Andesite / Basaltic Andesite"
2043,"Andesite / Basaltic Andesite"
901,"Dacite"
2105,"Andesite / Basaltic Andesite"
2140,"Andesite / Basaltic Andesite"
1218,"Andesite / Basaltic Andesite"
3053,"Andesite / Basaltic Andesite"
3108,"Andesite / Basaltic Andesite"
3374,"Andesite / Basaltic Andesite"
3034,"Dacite"
203,"Trachybasalt / Tephrite Basanite"
190,"Basalt / Picro-Basalt"
715,"Basalt / Picro-Basalt"
610,"Basalt / Picro-Basalt"
610,"Basalt / Picro-Basalt"
830,"Basalt / Picro-Basalt"
4278,"Andesite / Basaltic Andesite"
5005,"Dacite"
970,"Andesite / Basaltic Andesite"
15,"Basalt / Picro-Basalt"
50,"Basalt / Picro-Basalt"
500,"Basalt / Picro-Basalt"
1239,"Trachybasalt / Tephrite Basanite"
2217,"Basalt / Picro-Basalt"
1880,"Trachybasalt / Tephrite Basanite"
2123,"Basalt / Picro-Basalt"
2012,"Basalt / Picro-Basalt"
2164,"Trachyte / Trachydacite"
2786,"Trachyte / Trachydacite"
2430,"Rhyolite"
1850,"Phonolite"
1880,"Basalt / Picro-Basalt"
612,"Basalt / Picro-Basalt"
335,"Basalt / Picro-Basalt"
233,"Basalt / Picro-Basalt"
1238,"Trachybasalt / Tephrite Basanite"
950,"Basalt / Picro-Basalt"
2860,"Andesite / Basaltic Andesite"
2500,"Basalt / Picro-Basalt"
2680,"Dacite"
2316,"Andesite / Basaltic Andesite"
2678,"Dacite"
2375,"Andesite / Basaltic Andesite"
3285,"Andesite / Basaltic Andesite"
3213,"Dacite"
4392,"Andesite / Basaltic Andesite"
3742,"Andesite / Basaltic Andesite"
2549,"Dacite"
1329,"Andesite / Basaltic Andesite"
1806,"Basalt / Picro-Basalt"
3426,"Andesite / Basaltic Andesite"
3199,"Andesite / Basaltic Andesite"
1136,"Basalt / Picro-Basalt"
1664,"Basalt / Picro-Basalt"
2094,"Andesite / Basaltic Andesite"
3159,"Andesite / Basaltic Andesite"
2763,"Andesite / Basaltic Andesite"
2163,"Andesite / Basaltic Andesite"
2434,"Andesite / Basaltic Andesite"
1698,"Basalt / Picro-Basalt"
1958,"Basalt / Picro-Basalt"
2487,"Dacite"
1435,"Basalt / Picro-Basalt"
1473,"Basalt / Picro-Basalt"
4317,"Andesite / Basaltic Andesite"
2412,"Basalt / Picro-Basalt"
3187,"Andesite / Basaltic Andesite"
1439,"Dacite"
2121,"Dacite"
2796,"Rhyolite"
3369,"Trachyte / Trachydacite"
752,"Basalt / Picro-Basalt"
-40,"Rhyolite"
1478,"Basalt / Picro-Basalt"
2005,"Basalt / Picro-Basalt"
1597,"Basalt / Picro-Basalt"
1632,"Basalt / Picro-Basalt"
1251,"Basalt / Picro-Basalt"
2840,"Basalt / Picro-Basalt"
1800,"Basalt / Picro-Basalt"
1731,"Basalt / Picro-Basalt"
2550,"Basalt / Picro-Basalt"
2300,"Basalt / Picro-Basalt"
2230,"Basalt / Picro-Basalt"
1555,"Trachybasalt / Tephrite Basanite"
3850,"Basalt / Picro-Basalt"
-2050,"Basalt / Picro-Basalt"
-2100,"Basalt / Picro-Basalt"
-2400,"Basalt / Picro-Basalt"
-1410,"Basalt / Picro-Basalt"
-2140,"Basalt / Picro-Basalt"
-3000,"Basalt / Picro-Basalt"
-1700,"Basalt / Picro-Basalt"
-975,"Basalt / Picro-Basalt"
1222,"Basalt / Picro-Basalt"
4170,"Basalt / Picro-Basalt"
4205,"Basalt / Picro-Basalt"
2523,"Basalt / Picro-Basalt"
3053,"Basalt / Picro-Basalt"
-1743,"Trachybasalt / Tephrite Basanite"
-2515,"Trachyte / Trachydacite"
-312,"Trachybasalt / Tephrite Basanite"
389,"Trachybasalt / Tephrite Basanite"
-39,"Basalt / Picro-Basalt"
-39,"Basalt / Picro-Basalt"
-2700,"Basalt / Picro-Basalt"
-2300,"Basalt / Picro-Basalt"
-2900,"Basalt / Picro-Basalt"
-2500,"Basalt / Picro-Basalt"
-2430,"Basalt / Picro-Basalt"
-2800,"Basalt / Picro-Basalt"
-2566,"Basalt / Picro-Basalt"
-2650,"Basalt / Picro-Basalt"
-2600,"Basalt / Picro-Basalt"
-1000,"No Data (checked)"
-5700,"No Data (checked)"
1183,"Basalt / Picro-Basalt"
183,"Rhyolite"
960,"Andesite / Basaltic Andesite"
1360,"Andesite / Basaltic Andesite"
224,"Basalt / Picro-Basalt"
780,"Trachyandesite / Basaltic Trachyandesite"
332,"Trachyte / Trachydacite"
1050,"Trachyte / Trachydacite"
2075,"Trachybasalt / Tephrite Basanite"
2340,"Andesite / Basaltic Andesite"
2280,"Andesite / Basaltic Andesite"
2525,"Andesite / Basaltic Andesite"
3850,"Andesite / Basaltic Andesite"
3860,"Andesite / Basaltic Andesite"
3500,"Dacite"
3911,"Dacite"
4680,"Andesite / Basaltic Andesite"
3938,"Andesite / Basaltic Andesite"
5230,"Andesite / Basaltic Andesite"
5393,"Andesite / Basaltic Andesite"
4461,"Andesite / Basaltic Andesite"
3485,"Rhyolite"
3150,"Rhyolite"
2000,"Basalt / Picro-Basalt"
5564,"Andesite / Basaltic Andesite"
1660,"Trachybasalt / Tephrite Basanite"
1150,"Trachyandesite / Basaltic Trachyandesite"
4064,"Andesite / Basaltic Andesite"
4203,"Dacite"
3745,"Dacite"
3173,"Dacite"
3535,"Andesite / Basaltic Andesite"
3158,"Andesite / Basaltic Andesite"
3976,"Andesite / Basaltic Andesite"
3799,"Basalt / Picro-Basalt"
3760,"Andesite / Basaltic Andesite"
2569,"Basalt / Picro-Basalt"
1454,"Basalt / Picro-Basalt"
1845,"Andesite / Basaltic Andesite"
1802,"Basalt / Picro-Basalt"
1662,"Andesite / Basaltic Andesite"
1600,"Basalt / Picro-Basalt"
1600,"Basalt / Picro-Basalt"
1716,"Basalt / Picro-Basalt"
1192,"Basalt / Picro-Basalt"
2042,"Andesite / Basaltic Andesite"
1775,"Andesite / Basaltic Andesite"
1292,"Rhyolite"
926,"Basalt / Picro-Basalt"
2028,"Basalt / Picro-Basalt"
2381,"Andesite / Basaltic Andesite"
1950,"Andesite / Basaltic Andesite"
746,"Rhyolite"
1893,"Andesite / Basaltic Andesite"
665,"No Data (checked)"
450,"Dacite"
2149,"Andesite / Basaltic Andesite"
1172,"Basalt / Picro-Basalt"
1593,"Andesite / Basaltic Andesite"
1449,"Basalt / Picro-Basalt"
1640,"Basalt / Picro-Basalt"
1300,"Andesite / Basaltic Andesite"
2130,"Andesite / Basaltic Andesite"
181,"No Data (checked)"
774,"Basalt / Picro-Basalt"
640,"Basalt / Picro-Basalt"
1060,"Trachybasalt / Tephrite Basanite"
872,"Andesite / Basaltic Andesite"
1745,"Basalt / Picro-Basalt"
1745,"Basalt / Picro-Basalt"
1036,"Basalt / Picro-Basalt"
728,"Basalt / Picro-Basalt"
1088,"Andesite / Basaltic Andesite"
1270,"Basalt / Picro-Basalt"
518,"Dacite"
360,"Basalt / Picro-Basalt"
594,"Basalt / Picro-Basalt"
250,"Basalt / Picro-Basalt"
1344,"Andesite / Basaltic Andesite"
629,"Andesite / Basaltic Andesite"
1700,"Andesite / Basaltic Andesite"
1659,"Andesite / Basaltic Andesite"
1729,"Andesite / Basaltic Andesite"
2028,"Andesite / Basaltic Andesite"
1916,"Andesite / Basaltic Andesite"
1670,"Andesite / Basaltic Andesite"
2267,"Andesite / Basaltic Andesite"
2697,"Andesite / Basaltic Andesite"
2906,"Andesite / Basaltic Andesite"
3436,"Andesite / Basaltic Andesite"
3340,"Andesite / Basaltic Andesite"
3474,"Andesite / Basaltic Andesite"
3769,"Andesite / Basaltic Andesite"
3985,"Dacite"
5279,"Andesite / Basaltic Andesite"
4944,"Andesite / Basaltic Andesite"
4944,"Andesite / Basaltic Andesite"
5215,"Andesite / Basaltic Andesite"
2749,"Dacite"
5364,"Andesite / Basaltic Andesite"
4650,"Andesite / Basaltic Andesite"
4400,"Andesite / Basaltic Andesite"
4137,"Andesite / Basaltic Andesite"
4276,"Andesite / Basaltic Andesite"
4070,"Dacite"
4764,"Andesite / Basaltic Andesite"
4698,"Dacite"
3955,"Dacite"
4106,"Dacite"
3246,"Dacite"
4609,"Andesite / Basaltic Andesite"
4263,"Andesite / Basaltic Andesite"
5790,"Andesite / Basaltic Andesite"
3562,"Andesite / Basaltic Andesite"
3360,"Dacite"
4784,"Andesite / Basaltic Andesite"
4463,"Andesite / Basaltic Andesite"
4643,"Rhyolite"
5753,"Andesite / Basaltic Andesite"
4267,"Andesite / Basaltic Andesite"
3990,"Trachybasalt / Tephrite Basanite"
5162,"Andesite / Basaltic Andesite"
5911,"Andesite / Basaltic Andesite"
3914,"Dacite"
6261,"Andesite / Basaltic Andesite"
5023,"Andesite / Basaltic Andesite"
3322,"Andesite / Basaltic Andesite"
5286,"Andesite / Basaltic Andesite"
1476,"Basalt / Picro-Basalt"
790,"Basalt / Picro-Basalt"
1710,"Basalt / Picro-Basalt"
1330,"Basalt / Picro-Basalt"
1130,"Basalt / Picro-Basalt"
1124,"Basalt / Picro-Basalt"
1640,"Basalt / Picro-Basalt"
1640,"Basalt / Picro-Basalt"
729,"Basalt / Picro-Basalt"
343,"Basalt / Picro-Basalt"
64,"Basalt / Picro-Basalt"
920,"Basalt / Picro-Basalt"
864,"Basalt / Picro-Basalt"
707,"Basalt / Picro-Basalt"
707,"Basalt / Picro-Basalt"
3848,"Rhyolite"
5001,"No Data (checked)"
6377,"Andesite / Basaltic Andesite"
4713,"Trachyandesite / Basaltic Trachyandesite"
4554,"Trachyandesite / Basaltic Trachyandesite"
5960,"Andesite / Basaltic Andesite"
5793,"Andesite / Basaltic Andesite"
5608,"Andesite / Basaltic Andesite"
4679,"Dacite"
5382,"Dacite"
5801,"Andesite / Basaltic Andesite"
5495,"Andesite / Basaltic Andesite"
5626,"Trachyte / Trachydacite"
5860,"Dacite"
6336,"Andesite / Basaltic Andesite"
6071,"Andesite / Basaltic Andesite"
5550,"Andesite / Basaltic Andesite"
5430,"Andesite / Basaltic Andesite"
5163,"Andesite / Basaltic Andesite"
5705,"Andesite / Basaltic Andesite"
5884,"Dacite"
5961,"Andesite / Basaltic Andesite"
5916,"Andesite / Basaltic Andesite"
5598,"Dacite"
5703,"Dacite"
5631,"Andesite / Basaltic Andesite"
6023,"Dacite"
5778,"Andesite / Basaltic Andesite"
5592,"Andesite / Basaltic Andesite"
5852,"Andesite / Basaltic Andesite"
5910,"Andesite / Basaltic Andesite"
3550,"No Data (checked)"
4458,"Andesite / Basaltic Andesite"
3109,"Andesite / Basaltic Andesite"
6233,"Andesite / Basaltic Andesite"
4220,"Andesite / Basaltic Andesite"
6031,"Dacite"
6739,"Dacite"
5451,"Andesite / Basaltic Andesite"
5706,"Andesite / Basaltic Andesite"
5481,"Andesite / Basaltic Andesite"
5413,"Andesite / Basaltic Andesite"
6173,"No Data (checked)"
5906,"No Data (checked)"
6638,"Dacite"
6879,"Dacite"
6205,"Dacite"
6095,"Andesite / Basaltic Andesite"
4652,"Andesite / Basaltic Andesite"
6373,"No Data (checked)"
5741,"Andesite / Basaltic Andesite"
4670,"Rhyolite"
6658,"No Data (checked)"
501,"Basalt / Picro-Basalt"
5660,"Andesite / Basaltic Andesite"
6070,"Andesite / Basaltic Andesite"
5323,"Trachyandesite / Basaltic Trachyandesite"
4860,"Andesite / Basaltic Andesite"
5189,"Andesite / Basaltic Andesite"
4999,"Andesite / Basaltic Andesite"
4280,"Andesite / Basaltic Andesite"
3977,"Andesite / Basaltic Andesite"
3007,"Andesite / Basaltic Andesite"
3508,"Dacite"
3953,"Andesite / Basaltic Andesite"
3788,"Dacite"
3788,"Dacite"
2162,"Andesite / Basaltic Andesite"
3621,"Andesite / Basaltic Andesite"
3175,"Andesite / Basaltic Andesite"
2268,"Basalt / Picro-Basalt"
1890,"Andesite / Basaltic Andesite"
3715,"Trachybasalt / Tephrite Basanite"
3180,"Andesite / Basaltic Andesite"
4114,"Andesite / Basaltic Andesite"
2979,"Basalt / Picro-Basalt"
2953,"Trachybasalt / Tephrite Basanite"
3099,"Andesite / Basaltic Andesite"
2739,"Andesite / Basaltic Andesite"
2832,"Andesite / Basaltic Andesite"
1700,"Basalt / Picro-Basalt"
3125,"Basalt / Picro-Basalt"
2282,"Andesite / Basaltic Andesite"
1652,"Basalt / Picro-Basalt"
2847,"Basalt / Picro-Basalt"
2360,"Andesite / Basaltic Andesite"
3776,"Trachyandesite / Basaltic Trachyandesite"
2189,"Basalt / Picro-Basalt"
2422,"Andesite / Basaltic Andesite"
1114,"Basalt / Picro-Basalt"
2236,"Andesite / Basaltic Andesite"
1979,"Basalt / Picro-Basalt"
2493,"Andesite / Basaltic Andesite"
2659,"Basalt / Picro-Basalt"
3478,"Andesite / Basaltic Andesite"
506,"Basalt / Picro-Basalt"
1974,"Andesite / Basaltic Andesite"
2187,"Andesite / Basaltic Andesite"
1572,"Andesite / Basaltic Andesite"
1210,"Basalt / Picro-Basalt"
1344,"Trachybasalt / Tephrite Basanite"
1318,"Andesite / Basaltic Andesite"
2452,"Andesite / Basaltic Andesite"
1122,"Rhyolite"
1790,"Andesite / Basaltic Andesite"
1826,"Andesite / Basaltic Andesite"
2400,"Andesite / Basaltic Andesite"
524,"Basalt / Picro-Basalt"
1603,"Andesite / Basaltic Andesite"
2090,"Andesite / Basaltic Andesite"
2960,"Basalt / Picro-Basalt"
1905,"Basalt / Picro-Basalt"
3542,"Dacite"
2546,"Dacite"
1403,"Dacite"
1080,"Basalt / Picro-Basalt"
1758,"Andesite / Basaltic Andesite"
282,"Basalt / Picro-Basalt"
157,"Andesite / Basaltic Andesite"
887,"Andesite / Basaltic Andesite"
601,"Andesite / Basaltic Andesite"
1156,"Andesite / Basaltic Andesite"
985,"Andesite / Basaltic Andesite"
915,"Andesite / Basaltic Andesite"
1467,"Andesite / Basaltic Andesite"
861,"Andesite / Basaltic Andesite"
1430,"Andesite / Basaltic Andesite"
1387,"Andesite / Basaltic Andesite"
1224,"Andesite / Basaltic Andesite"
940,"Dacite"
1372,"Andesite / Basaltic Andesite"
777,"Andesite / Basaltic Andesite"
1220,"Andesite / Basaltic Andesite"
-185,"Basalt / Picro-Basalt"
840,"Andesite / Basaltic Andesite"
986,"Basalt / Picro-Basalt"
1063,"Basalt / Picro-Basalt"
140,"Basalt / Picro-Basalt"
360,"Basalt / Picro-Basalt"
610,"Basalt / Picro-Basalt"
803,"Basalt / Picro-Basalt"
550,"Basalt / Picro-Basalt"
200,"Basalt / Picro-Basalt"
1385,"Basalt / Picro-Basalt"
1100,"Basalt / Picro-Basalt"
1765,"Basalt / Picro-Basalt"
283,"Basalt / Picro-Basalt"
1651,"Basalt / Picro-Basalt"
1490,"Basalt / Picro-Basalt"
1464,"Basalt / Picro-Basalt"
1280,"Rhyolite"
1490,"Andesite / Basaltic Andesite"
1719,"Basalt / Picro-Basalt"
2000,"Basalt / Picro-Basalt"
1523,"Basalt / Picro-Basalt"
1930,"Basalt / Picro-Basalt"
1080,"Basalt / Picro-Basalt"
970,"Basalt / Picro-Basalt"
800,"Basalt / Picro-Basalt"
563,"Basalt / Picro-Basalt"
-75,"Basalt / Picro-Basalt"
2010,"Basalt / Picro-Basalt"
1620,"Basalt / Picro-Basalt"
5,"Basalt / Picro-Basalt"
2197,"Basalt / Picro-Basalt"
-3800,"No Data (checked)"
-4200,"No Data (checked)"
914,"Basalt / Picro-Basalt"
914,"Basalt / Picro-Basalt"
1041,"Andesite / Basaltic Andesite"
2351,"Basalt / Picro-Basalt"
1053,"Basalt / Picro-Basalt"
402,"Basalt / Picro-Basalt"
1023,"Basalt / Picro-Basalt"
-13,"Basalt / Picro-Basalt"
842,"Trachyte / Trachydacite"
350,"Trachybasalt / Tephrite Basanite"
947,"Trachyte / Trachydacite"
805,"Trachyte / Trachydacite"
-197,"No Data (checked)"
1862,"Basalt / Picro-Basalt"
2426,"Trachybasalt / Tephrite Basanite"
1500,"Trachybasalt / Tephrite Basanite"
3715,"Phonolite"
1950,"Trachybasalt / Tephrite Basanite"
529,"Basalt / Picro-Basalt"
670,"Basalt / Picro-Basalt"
2829,"Foidite"
956,"Foidite"
-1528,"No Data (checked)"
822,"Basalt / Picro-Basalt"
-1200,"No Data (checked)"
2060,"Trachybasalt / Tephrite Basanite"
365,"Trachyte / Trachydacite"
741,"Basalt / Picro-Basalt"
1239,"Trachybasalt / Tephrite Basanite"
1340,"Trachybasalt / Tephrite Basanite"
1167,"Trachybasalt / Tephrite Basanite"
3040,"Trachyandesite / Basaltic Trachyandesite"
2732,"Trachyte / Trachydacite"
-500,"No Data (checked)"
2723,"Phonolite"
3794,"Phonolite"
3000,"Trachyandesite / Basaltic Trachyandesite"
3478,"Trachyte / Trachydacite"
2978,"Trachyte / Trachydacite"
3460,"Trachyte / Trachydacite"
749,"Basalt / Picro-Basalt"
602,"Basalt / Picro-Basalt"
180,"Basalt / Picro-Basalt"
240,"Andesite / Basaltic Andesite"
353,"Basalt / Picro-Basalt"
1075,"Andesite / Basaltic Andesite"
1100,"Basalt / Picro-Basalt"
1370,"Basalt / Picro-Basalt"
843,"Basalt / Picro-Basalt"
550,"Basalt / Picro-Basalt"
835,"Basalt / Picro-Basalt"
190,"Andesite / Basaltic Andesite"
551,"Basalt / Picro-Basalt"
-55,"Rhyolite"
1544,"Basalt / Picro-Basalt"
